[
    {
        "id": "2",
        "first_name": "Chase",
        "last_name": "Albrecht",
        "address": "Street",
        "city": "City",
        "state": "State",
        "zip": "Zip",
        "classification": "3",
        "pay_method": "1",
        "salary": "1",
        "commission": "1",
        "hourly": "1",
        "routing_num": "Routing Num",
        "account_num": "Account Num",
        "office_phone": "Office Num",
        "personal_phone": "Personal Phone",
        "office_email": "Office Email",
        "personal_email": "Personal Email",
        "dob": "Birthday",
        "ssn": "SSN",
        "admin": false,
        "title": "Master Manager",
        "dept": "Managing Dept",
        "start": "1/1/22",
        "end": "04/14/2022",
        "status": false,
        "password": "test"
    },
    {
        "id": "3",
        "first_name": "Doctor",
        "last_name": "Strange",
        "address": "Street",
        "city": "City",
        "state": "State",
        "zip": "Zip",
        "classification": "2",
        "pay_method": "2",
        "salary": "100.0",
        "commission": "10.0",
        "hourly": "0.0",
        "routing_num": "Routing Num",
        "account_num": "Account Num",
        "office_phone": "Office Num",
        "personal_phone": "Personal Phone",
        "office_email": "Office Email",
        "personal_email": "Personal Email",
        "dob": "Birthday",
        "ssn": "SSN",
        "admin": false,
        "title": "Super Scribe",
        "dept": "Writing Dept",
        "start": "1/1/22",
        "end": "None",
        "status": true,
        "password": "test"
    },
    {
        "id": "4",
        "first_name": "Tyler",
        "last_name": "Deschamps",
        "address": "Street",
        "city": "City",
        "state": "State",
        "zip": "Zip",
        "classification": "3",
        "pay_method": "1",
        "salary": 0.0,
        "commission": 0.0,
        "hourly": 5.0,
        "routing_num": "Routing Num",
        "account_num": "Account Num",
        "office_phone": "Office Num",
        "personal_phone": "Personal Phone",
        "office_email": "Office Email",
        "personal_email": "Personal Email",
        "dob": "Birthday",
        "ssn": "SSN",
        "admin": true,
        "title": "Chart Champion",
        "dept": "Documenting Dept",
        "start": "1/1/22",
        "end": "04/14/2022",
        "status": false,
        "password": "test"
    },
    {
        "id": "5",
        "first_name": "Jordan",
        "last_name": "Van Patten",
        "address": "Street",
        "city": "City",
        "state": "State",
        "zip": "Zip",
        "classification": "1",
        "pay_method": "2",
        "salary": 100.0,
        "commission": 0,
        "hourly": 0,
        "routing_num": "Routing Num",
        "account_num": "Account Num",
        "office_phone": "Office Num",
        "personal_phone": "Personal Phone",
        "office_email": "Office Email",
        "personal_email": "Personal Email",
        "dob": "Birthday",
        "ssn": "SSN",
        "admin": false,
        "title": "Triumphant Tester",
        "dept": "Testing Dept",
        "start": "1/1/22",
        "end": null,
        "status": true,
        "password": "test"
    },
    {
        "id": "6",
        "first_name": "Ethan",
        "last_name": "Taylor",
        "address": "Street",
        "city": "City",
        "state": "State",
        "zip": "Zip",
        "classification": "2",
        "pay_method": "1",
        "salary": 100.0,
        "commission": 10.0,
        "hourly": 1.0,
        "routing_num": "Routing Num",
        "account_num": "Account Num",
        "office_phone": "Office Num",
        "personal_phone": "Personal Phone",
        "office_email": "Office Email",
        "personal_email": "Personal Email",
        "dob": "Birthday",
        "ssn": "SSN",
        "admin": true,
        "title": "GUI Guy",
        "dept": "GUI Dept",
        "start": "1/1/22",
        "end": "None",
        "status": true,
        "password": "test"
    },
    {
        "id": "7",
        "first_name": "Guy",
        "last_name": "Mcgee",
        "address": "adsf",
        "city": "asfd",
        "state": "sadf",
        "zip": "adsf",
        "classification": "3",
        "pay_method": "2",
        "salary": "0.0",
        "commission": "0.0",
        "hourly": "15.0",
        "routing_num": "asfd",
        "account_num": "asfd",
        "office_phone": "as",
        "personal_phone": "adsf",
        "office_email": "dfasdf",
        "personal_email": "asfd",
        "dob": "asfd",
        "ssn": "adsf",
        "admin": true,
        "title": "adsf",
        "dept": "adsf",
        "start": "03/19/2022",
        "end": "None",
        "status": true,
        "password": "test"
    },
    {
        "id": "8",
        "first_name": "John",
        "last_name": "Shmith",
        "address": "adf sadf ",
        "city": "asdf asd f",
        "state": "sadf asd f",
        "zip": "80808",
        "classification": "2",
        "pay_method": "1",
        "salary": "1.0",
        "commission": "10.0",
        "hourly": "0.0",
        "routing_num": "",
        "account_num": "",
        "office_phone": "",
        "personal_phone": "",
        "office_email": "",
        "personal_email": "",
        "dob": "",
        "ssn": "",
        "admin": false,
        "title": "",
        "dept": "",
        "start": "03/16/2022",
        "end": "None",
        "status": true,
        "password": "test"
    },
    {
        "id": "9",
        "first_name": "fffd",
        "last_name": "ffff",
        "address": "ffff",
        "city": "ff",
        "state": "fff",
        "zip": "fff",
        "classification": "1",
        "pay_method": "1",
        "salary": 1.0,
        "commission": 1.0,
        "hourly": 1.0,
        "routing_num": "1",
        "account_num": "1",
        "office_phone": "1",
        "personal_phone": "1",
        "office_email": "1",
        "personal_email": "1",
        "dob": "1",
        "ssn": "1",
        "admin": true,
        "title": "1",
        "dept": "1",
        "start": "04/14/2022",
        "end": "None",
        "status": true,
        "password": "1"
    }
]