[
    {
        "id": 2,
        "emp_id": "4",
        "time": 7.2
    },
    {
        "id": 4,
        "emp_id": "4",
        "time": 5.9
    },
    {
        "id": 5,
        "emp_id": "4",
        "time": 2.1
    },
    {
        "id": 6,
        "emp_id": "4",
        "time": 155
    },
    {
        "id": 7,
        "emp_id": "4",
        "time": 10
    },
    {
        "id": 8,
        "emp_id": "2",
        "time": 55
    },
    {
        "id": 9,
        "emp_id": "2",
        "time": 121
    }
]